Id	IdOnGitHub	Name	Description	Homepage	CreatedAt	PushedAt	UpdatedAt
151	84607326	Hatena.WebSite.Login.201703040757	はてなサイトにログインする。	http://ytyaru.hatenablog.com/entry/2017/07/08/000000	2017-03-10T22:51:14Z	2017-03-10T22:51:14Z	2017-03-10T22:51:14Z
150	84522271	Hatena.Blog.API.EntriesDB.Insert.201703021327	はてなAPIで取得したXMLから記事データを取得しDBに保存する。	http://ytyaru.hatenablog.com/entry/2017/07/05/000000	2017-03-10T05:20:58Z	2017-03-10T05:20:59Z	2017-03-10T05:20:58Z
149	84376221	Hatena.Blog.API.BlogDB.Insert.201703020753	はてなAPIで取得したXMLからブログ情報を取得しDBに保存する。	http://ytyaru.hatenablog.com/entry/2017/07/04/000000	2017-03-08T23:26:45Z	2017-03-08T23:26:45Z	2017-03-08T23:26:45Z
148	84279166	Hatena.PhotLife.API.Database.Create.201703012021	はてなフォトライフのデータを管理するDBを作る。	http://ytyaru.hatenablog.com/entry/2017/07/03/000000	2017-03-08T04:41:22Z	2017-03-08T04:41:23Z	2017-03-08T04:41:22Z
147	84172375	Hatena.Blog.API.Database.Create.Blog.Entries.201703011629	はてなブログの記事を管理するDBを作る。	http://ytyaru.hatenablog.com/entry/2017/07/02/000000	2017-03-07T08:08:52Z	2017-03-07T08:08:52Z	2017-03-07T08:08:52Z
146	84011654	Hatena.Blog.API.Database.Create.Blogs.201703011124	はてなのブログ情報を管理するDBを作成する。	http://ytyaru.hatenablog.com/entry/2017/07/01/000000	2017-03-05T23:54:00Z	2017-03-05T23:54:00Z	2017-03-05T23:54:00Z
145	83930611	Hatena.Blog.API.Database.Create.Accounts.201703010822	はてなのアカウント情報を管理するDBを作成する。	http://ytyaru.hatenablog.com/entry/2017/06/30/000000	2017-03-04T23:05:13Z	2017-03-04T23:05:13Z	2017-03-04T23:05:13Z
144	83851234	Hatena.Blog.API.Service.Scraping.unescape.201703010743	はてなブログAPIで取得したブログ記事本文のエスケープ(サニタイズ)を元に戻す。	http://ytyaru.hatenablog.com/entry/2017/06/25/000000	2017-03-03T23:42:34Z	2017-03-03T23:42:35Z	2017-03-03T23:42:34Z
143	83734410	Hatena.Blog.API.Service.Scraping.201702281801	はてなブログAPIで取得したサービス文書XMLファイルから一部データを抜き取る。	http://ytyaru.hatenablog.com/entry/2017/06/24/000000	2017-03-02T23:12:59Z	2017-03-02T23:13:00Z	2017-03-02T23:12:59Z
142	83609468	Hatena.Blog.API.Service.Get.201702281505	はてなブログAPIでサービス文書を取得する。	http://ytyaru.hatenablog.com/entry/2017/06/23/000000	2017-03-01T22:46:55Z	2017-03-01T22:46:56Z	2017-03-01T22:46:55Z
141	83489031	d3.table.sort.mark.201702211657	d3.jsで作成したテーブルのソートキー項目に▲▼マークをつける。	http://ytyaru.hatenablog.com/entry/2017/05/04/000000	2017-02-28T23:16:57Z	2017-02-28T23:16:58Z	2017-02-28T23:16:57Z
140	83363389	d3.table.Sort.onClick.201702211505	d3.jsで作成したテーブルのヘッダをクリックすると昇順/降順ソートする。	http://ytyaru.hatenablog.com/entry/2017/05/03/000000	2017-02-27T22:25:12Z	2017-02-27T22:25:13Z	2017-02-27T22:25:12Z
139	83295056	d3.table.Sort.onClick.201702211322	d3.jsで作成したテーブルのヘッダをクリックすると昇順ソートする。	http://ytyaru.hatenablog.com/entry/2017/05/01/000000	2017-02-27T09:57:25Z	2017-02-27T09:57:26Z	2017-02-27T09:57:25Z
138	83171835	d3.object.array.table.201702201857	d3.jsでobject配列からテーブルを作成する。	http://ytyaru.hatenablog.com/entry/2017/04/29/000000	2017-02-26T00:09:28Z	2017-02-26T00:09:28Z	2017-02-26T00:09:28Z
137	83116360	d3.object.table.201702201451	d3.jsでobjectからテーブルを作成する。	http://ytyaru.hatenablog.com/entry/2017/04/28/000000	2017-02-25T07:59:30Z	2017-02-25T07:59:30Z	2017-02-25T07:59:30Z
136	82977894	d3.table.201702200818	d3.jsでobjectからテーブルを作成する。	http://ytyaru.hatenablog.com/entry/2017/04/28/000000	2017-02-23T22:31:30Z	2017-02-23T22:31:31Z	2017-02-23T22:31:30Z
135	82925462	d3.data.object.201702201237	d3.jsでobjectを扱う。	http://ytyaru.hatenablog.com/entry/2017/04/27/000000	2017-02-23T12:33:27Z	2017-02-23T12:33:28Z	2017-02-23T12:33:27Z
134	82741563	d3.ClickAndSort.201702182244	D3.jsでリストを並び替える。	http://ytyaru.hatenablog.com/entry/2017/04/24/000000	2017-02-22T00:25:12Z	2017-02-22T00:25:12Z	2017-02-22T00:25:12Z
133	82610590	sigmajs.HelloWorld.201702170002	sigma.jsを使ってグラフを描画してみた。	http://ytyaru.hatenablog.com/entry/2017/04/20/000000	2017-02-20T22:48:24Z	2017-02-20T22:48:24Z	2017-02-20T22:48:24Z
132	82513095	d3.EnterExit.201702181507	d3.jsを使ってenter()とexit()を試してみた。	http://ytyaru.hatenablog.com/entry/2017/04/22/000000	2017-02-20T03:32:48Z	2017-02-20T03:32:48Z	2017-02-20T03:32:48Z
131	82442544	d3.Timer.201702181507	d3.jsを使ってtimer()を試してみた。	http://ytyaru.hatenablog.com/entry/2017/04/22/000000	2017-02-19T07:24:23Z	2017-02-19T07:24:24Z	2017-02-19T07:24:23Z
130	82380806	d3.HelloWorld.201702181437	d3.jsを使ってデータ駆動を試してみた。	http://ytyaru.hatenablog.com/entry/2017/04/22/000000	2017-02-18T11:03:58Z	2017-02-18T11:03:58Z	2017-02-18T11:03:58Z
129	82248159	schema.org.Upload.201702171103	外部ファイル参照元として開設。	http://ytyaru.hatenablog.com/	2017-02-17T02:26:15Z	2017-02-17T02:26:15Z	2017-02-17T02:26:15Z
128	82241036	schema.org.ComputerLanguage.Hover.201702151327	CSSにてSVG拡大アニメーション。	http://ytyaru.hatenablog.com/entry/2017/04/15/000000	2017-02-17T00:51:01Z	2017-02-17T00:51:01Z	2017-02-17T00:51:01Z
127	82120464	schema.org.ComputerLanguage.Image.201702141306	JSON-LDでプログラミング言語をアイコン画像で表示する。	http://ytyaru.hatenablog.com/entry/2017/04/13/000000	2017-02-16T00:19:42Z	2017-02-16T00:19:43Z	2017-02-16T00:19:42Z
126	82010134	schema.org.ComputerLanguage.JsonLD2Html.201702141306	JSON-LDからプログラミング言語リストを作成する。	http://ytyaru.hatenablog.com/entry/2017/04/12/000000	2017-02-15T02:09:18Z	2017-02-15T02:09:18Z	2017-02-15T02:09:18Z
125	81886006	schema.org.CreateHtml.ByJavaScript.201702140912	JSON-LDでHTML要素を作る	http://ytyaru.hatenablog.com/entry/2017/04/10/000000	2017-02-14T00:21:56Z	2017-02-14T00:21:56Z	2017-02-14T00:21:56Z
124	81814806	schema.org.Load.ByJavaScript.201702131725	JSON-LDをJavaScriptで読み込む。	http://ytyaru.hatenablog.com/entry/2017/04/09/000000	2017-02-13T10:50:09Z	2017-02-13T10:50:10Z	2017-02-13T10:50:09Z
123	81727213	schema.org.ComputerLanguage.201702122130	schema.orgのComputerLanguageをJSON-LD形式で実装してみた。	http://ytyaru.hatenablog.com/entry/2017/04/05/000000	2017-02-12T13:19:00Z	2017-02-12T13:19:01Z	2017-02-12T13:19:00Z
122	81650592	schema.org.Person.201702112100	schema.orgのPersonをJSON-LD形式で実装してみた。	http://ytyaru.hatenablog.com/entry/2017/04/02/000000	2017-02-11T12:09:52Z	2017-02-11T12:09:53Z	2017-02-11T12:09:52Z
121	81544668	GetRepos201702101502	GitHubのリポジトリ一覧を取得してHTMLで表示するv2	http://ytyaru.hatenablog.com/entry/2017/03/31/000000	2017-02-10T08:36:39Z	2017-02-10T08:36:39Z	2017-02-10T08:36:39Z
120	81538114	GetRepos201702101502	GitHubのリポジトリ一覧を取得してHTMLで表示するv2	http://ytyaru.hatenablog.com/entry/2017/03/31/000000	2017-02-10T07:16:28Z	2017-02-10T07:16:28Z	2017-02-10T07:16:28Z
119	81302052	Python.FileSize.201702071138	ファイルサイズを取得する	http://ytyaru.hatenablog.com/entry/2017/03/30/000000	2017-02-08T07:43:00Z	2017-02-08T07:43:00Z	2017-02-08T07:43:00Z
118	81144866	GitHub.Upload.ByPython.201702051553	GitHubリポジトリを作成してローカルDBに登録するPythonスクリプト。	http://ytyaru.hatenablog.com/entry/2017/03/29/000000	2017-02-06T23:35:35Z	2017-02-06T23:35:35Z	2017-02-06T23:35:35Z
117	81032759	GitHub.Ini.ByPython.201702050927	GitHubリポジトリ作成スクリプトのINI部分。	http://ytyaru.hatenablog.com/entry/2017/03/28/000000	2017-02-06T00:38:16Z	2017-02-06T00:38:16Z	2017-02-06T00:38:16Z
116	80955183	GitHub.Console.ByPython.201702041951	GitHubリポジトリを作成してローカルDBに登録するPythonスクリプト。	http://ytyaru.hatenablog.com/entry/2017/03/27/000000	2017-02-04T23:19:12Z	2017-02-04T23:19:12Z	2017-02-04T23:19:12Z
115	80801982	GitHub.Upload.ByShell.201702020912	GitHubリポジトリを作成してローカルDBに登録するシェルスクリプト。	http://ytyaru.hatenablog.com/entry/2017/03/26/000000	2017-02-03T06:03:11Z	2017-02-03T06:03:11Z	2017-02-03T06:03:11Z
114	80674133	GitHub.Repo.Create.201701281344	GitHubリポジトリを作成してローカルDBに登録する。	http://ytyaru.hatenablog.com/entry/2017/03/20/000000	2017-02-01T23:10:37Z	2017-02-01T23:10:37Z	2017-02-01T23:10:37Z
113	80575182	GitHub.Ini.Read.201701300853	PythonでINIファイル読込する。	http://ytyaru.hatenablog.com/entry/2017/03/19/000000	2017-02-01T00:06:20Z	2017-02-01T00:06:21Z	2017-02-01T00:06:20Z
112	80067220	GitHub.Repo.Insert.201701252139	GitHubリポジトリ情報を取得しローカルDBへマージする。	http://ytyaru.hatenablog.com/entry/2017/03/09/000000	2017-01-25T23:10:13Z	2017-01-27T10:56:10Z	2017-01-25T23:10:30Z
111	79991239	GitHub.Pagenation.20170125074530829	GitHubのPagenationを仮実装した。	http://ytyaru.hatenablog.com/entry/2017/03/08/000000	2017-01-25T07:04:49Z	2017-01-25T07:05:03Z	2017-01-25T07:05:04Z
110	79905589	GitHubApi.Interface.201701210901	GitHubAPIクライアントのインタフェースを仮実装した。	http://ytyaru.hatenablog.com/entry/2017/03/07/000000	2017-01-24T11:29:14Z	2017-01-24T11:29:29Z	2017-01-24T11:29:31Z
109	79874261	GitHub.ApiEndpoint.Database.Create.20170124085656531	GitHubのAPI情報データベースを作成する。	http://ytyaru.hatenablog.com/entry/2017/02/25/000000	2017-01-24T03:19:52Z	2017-01-24T04:56:33Z	2017-01-24T03:20:11Z
108	79188150	GiHub.Repo.Lang.20170116215351031	GitHubリポジトリのプログラミング言語とByte数を取得しDBに挿入する。	http://ytyaru.hatenablog.com/entry/2017/03/01/000000	2017-01-17T04:26:57Z	2017-01-17T04:27:08Z	2017-01-17T04:27:09Z
107	78933441	GiHub.Repo.Insert.20170114155109609	指定ユーザのGitHubリポジトリ情報をDBに挿入する。	http://ytyaru.hatenablog.com/entry/2017/02/26/000000	2017-01-14T10:20:15Z	2017-01-14T10:20:27Z	2017-01-14T10:20:28Z
106	78922000	GiHubApi.Repositories.Get.20170114151452468	指定ユーザのGitHubリポジトリ情報を取得する。	http://ytyaru.hatenablog.com/entry/2017/02/26/000000	2017-01-14T06:49:21Z	2017-01-14T06:49:32Z	2017-01-14T06:49:33Z
105	78917876	GitHub.Repositories.Database.Create.20170114123411296	GitHubのリポジトリ用DBを作成する。	http://ytyaru.hatenablog.com/entry/2017/02/25/000000	2017-01-14T05:48:26Z	2017-01-14T07:32:53Z	2017-01-14T05:48:40Z
104	78895708	GiHubApi.Repositories.Create.20170113145706750	GitHubのリポジトリ作成APIを実行する。	http://ytyaru.hatenablog.com/entry/2017/02/24/000000	2017-01-13T23:45:06Z	2017-01-13T23:45:20Z	2017-01-13T23:45:21Z
103	78819491	GiHubApi.Authorizations.Create.20170113141429500	GitHubのAccessTokenを作成するAPIを実行してDBに挿入する。	http://ytyaru.hatenablog.com/entry/2017/02/23/000000	2017-01-13T05:48:53Z	2017-01-13T05:49:05Z	2017-01-13T05:49:06Z
102	78395968	GiHubApi.Authorizations.List.TwoFactor.20170109132856140	GitHubのTwoFactor認証アカウントからAccessTokenを取得する。		2017-01-09T05:12:31Z	2017-01-09T05:12:43Z	2017-01-09T05:12:44Z
101	78247825	GitHub.Accounts.Database.20170107081237765	GitHubアカウントDBを作成するバッチ。		2017-01-06T23:57:43Z	2017-01-09T04:09:20Z	2017-01-06T23:57:56Z
100	78073155	RaspberryPi.CpuTemp.FusionTables.Insert20170104112421531	RaspberryPiのCPU温度をFusionTablesに記録する	http://ytyaru.hatenablog.com/entry/2017/02/11/000000	2017-01-05T02:54:45Z	2017-01-05T02:54:56Z	2017-01-05T02:54:57Z
99	77964210	Google.OAuth.Database20170103111721000	SQLite3でGoogleアカウントDBを作成するバッチ。		2017-01-04T00:11:03Z	2017-01-04T00:11:52Z	2017-01-04T00:11:53Z
98	76918869	GetTimestamp20161220115558640	日時文字列を標準出力するコンソールアプリ。	http://ytyaru.hatenablog.com/entry/2017/02/05/000000	2016-12-20T03:17:35Z	2016-12-20T03:17:46Z	2016-12-20T03:17:47Z
97	76007908	HidemaruFiler.MakeNowDirectory201612091519	日付ディレクトリを作成するshスクリプト。	http://ytyaru.hatenablog.com/entry/2017/02/03/000000	2016-12-09T06:23:25Z	2016-12-09T06:23:35Z	2016-12-09T06:23:37Z
96	76004122	HidemaruFiler.MakeNowFile201612091408	日付ファイルを作成するshスクリプト。	http://ytyaru.hatenablog.com/entry/2017/02/03/000000	2016-12-09T05:18:26Z	2016-12-09T05:18:41Z	2016-12-09T05:18:43Z
95	75928237	PowerShell.MakeNowFile201612081843	日付ファイルを作成するPowerShellスクリプト。	http://ytyaru.hatenablog.com/entry/2017/01/30/000000	2016-12-08T10:35:42Z	2016-12-08T10:35:55Z	2016-12-08T10:35:56Z
94	75449759	Python.HelloClass201612021520	Pythonでクラスを作成した。	http://ytyaru.hatenablog.com/entry/2017/01/25/000000	2016-12-03T03:41:12Z	2016-12-03T03:41:23Z	2016-12-03T03:41:25Z
93	75449331	Python.HelloMethod201612021510	Pythonでメソッドを作成した。	http://ytyaru.hatenablog.com/entry/2017/01/25/000000	2016-12-03T03:31:42Z	2016-12-03T03:31:58Z	2016-12-03T03:39:23Z
92	75347148	Python.HelloPackage201612020756	Pythonでパッケージを作成した。	http://ytyaru.hatenablog.com/entry/2017/01/24/000000	2016-12-02T01:07:45Z	2016-12-02T01:07:57Z	2016-12-03T03:38:30Z
91	75345965	Python.HelloWorld201612020747	PythonでHelloWorldした。	http://ytyaru.hatenablog.com/entry/2017/01/22/000000	2016-12-02T00:45:49Z	2016-12-02T00:46:04Z	2016-12-02T00:46:05Z
90	74113205	GetRepos201611181453	GitHubのリポジトリ一覧を取得してHTMLで表示する。		2016-11-18T09:06:09Z	2016-11-18T09:06:26Z	2016-11-18T09:06:27Z
89	73977739	GiHubReposJson2Markdown201611170850	GitHubのリポジトリ一覧を取得したjsonファイルをMarkdownファイルに変換する。		2016-11-17T01:28:47Z	2016-11-17T01:28:59Z	2016-11-17T01:29:00Z
88	73970975	GiHubReposJson2Tsv201611160959	GitHubのリポジトリ一覧を取得したjsonファイルをtsvファイルに変換する。		2016-11-16T23:32:29Z	2016-11-16T23:32:40Z	2016-11-16T23:32:41Z
87	73607105	GiHubApi.Repositories.Get.201611131629	GitHubのリポジトリ一覧を取得するバッチのPython版（AccessToken認証）		2016-11-13T09:47:09Z	2016-11-13T09:47:23Z	2016-11-13T09:47:25Z
86	71840900	GiHubApi.Authorizations.List.2016101242041	AccessToken一覧を取得するバッチ。		2016-10-24T23:33:13Z	2016-10-24T23:33:25Z	2016-10-24T23:33:26Z
85	71753373	GiHubApi.Repositories.Create.201610232026	GitHubリポジトリ生成バッチ。プロジェクトディレクトリに入れるバッチにAccessTokenを含まぬようにした。		2016-10-24T05:02:11Z	2016-10-24T05:02:23Z	2016-10-24T05:02:24Z
84	71536393	GiHubApi.Repositories.Get.TwoFactor.201610210748	自分のアカウント配下にあるリモートリポジトリの情報を取得するバッチ2版。		2016-10-21T06:29:06Z	2016-10-21T06:29:12Z	2016-10-21T06:29:15Z
83	71121739	GiHubApi.Repositories.Get.201610171708	自分のアカウント配下にあるリモートリポジトリの情報を取得するバッチ。		2016-10-17T09:29:31Z	2016-10-17T09:29:41Z	2016-10-17T09:29:43Z
82	71112273	GiHubApi.Repositories.Edit.201610171352	リモートリポジトリの説明文とURLを再設定するバッチ。		2016-10-17T07:39:47Z	2016-10-17T07:39:54Z	2016-10-17T07:39:55Z
81	71100275	GiHubApi.Repositories.Delete.201610171215	リポジトリ削除バッチ（リモート＆ローカル）		2016-10-17T04:35:02Z	2016-10-17T04:35:08Z	2016-10-17T04:35:09Z
80	70913240	GiHubApi.Repositories.Create.201610140807	curlでGitHubAPIを実行してリモートリポジトリを生成するバッチファイル。		2016-10-14T13:35:17Z	2016-10-14T13:35:26Z	2016-10-14T13:35:28Z
79	70696348	HelloGTKmm3MakeReleaseDebug201610050932	Makefileでdebugとreleaseを切り替える。		2016-10-12T12:11:24Z	2016-10-12T12:11:33Z	2016-10-12T12:11:34Z
78	70688843	HelloGTKmm3MakeSubDir201610050612	サブディレクトリに配置してコンパイルするMakefileを書いた。		2016-10-12T10:22:51Z	2016-10-12T10:23:01Z	2016-10-12T10:23:03Z
77	70683386	HelloGTKmm3MakeSimple201610041818	Makefileの暗黙ルールと変数をもちいて記述を簡略化した。		2016-10-12T09:15:15Z	2016-10-12T09:15:23Z	2016-10-12T09:15:23Z
76	70387801	HelloGTKmm3MakeMultiFile201610041725	Makefileで複数コードをコンパイルする方法について確認した。		2016-10-09T08:09:14Z	2016-10-09T08:09:23Z	2016-10-09T08:09:24Z
75	70377421	HelloGTKmm3MakeSingleFile201610041721	Makefileで単体コードをコンパイルする方法について確認した。		2016-10-09T04:46:40Z	2016-10-09T04:46:52Z	2016-10-09T04:46:53Z
74	70304782	HelloDllForMinGW201610042123	MinGWのg++でライブラリを作成し呼び出した。		2016-10-08T04:50:18Z	2016-10-08T04:50:31Z	2016-10-08T04:50:32Z
73	70018817	LoadTsvInConsole201610041415	qでtsvファイルからデータを取得するバッチファイルである。		2016-10-05T00:47:22Z	2016-10-05T00:47:35Z	2016-10-05T00:47:37Z
72	69851435	HubCommand201610030729	GitHubのローカルとリモートのリポジトリを作成するバッチファイル＆シェルスクリプトである。		2016-10-03T08:01:26Z	2016-10-03T08:01:33Z	2016-10-03T08:01:34Z
71	69784136	CheckDirName201610012311	親ディレクトリ名がリポジトリ名に使える文字だけか判定するVBSスクリプトである。		2016-10-02T07:11:36Z	2016-10-02T07:12:33Z	2016-10-02T07:12:34Z
70	69740232	CreateRepository201610012001	GitHubのローカルとリモートのリポジトリを作成するバッチファイル＆シェルスクリプトである。		2016-10-01T13:27:36Z	2016-10-01T13:27:44Z	2016-10-01T13:27:45Z
69	69735314	CreateRemoteRepository201610011955	GitHubのリモートリポジトリ作成を実行するバッチファイル＆シェルスクリプトである。		2016-10-01T11:36:19Z	2016-10-01T11:36:41Z	2016-10-01T11:36:42Z
68	69464856	HelloGtkmm3ForGpp5_3_0	MinGWでHelloWorld（Gtkmm3版）		2016-09-28T13:15:20Z	2016-09-28T13:15:48Z	2016-09-28T13:15:49Z
67	69217558	HelloGTK3ForMinGW	MinGWのgccでGTK+3を使ってみた。		2016-09-26T05:56:33Z	2016-09-26T05:57:03Z	2016-09-26T05:57:03Z
66	69212494	HelloCppWindowForMinGW	MinGWでHelloWorld(C++WindowApplication版)		2016-09-26T04:21:53Z	2016-09-26T04:22:09Z	2016-11-18T05:38:33Z
65	69130826	HelloCppConsoleForMinGW	MinGWでHelloWorld(C++ConsoleApplication版)		2016-09-24T22:26:25Z	2016-09-24T22:28:13Z	2016-09-24T22:28:14Z
64	69097728	HelloWindowForMinGW	MinGWでHelloWorld（WindowsApplication版）		2016-09-24T11:16:47Z	2016-09-24T11:17:24Z	2016-09-24T11:17:25Z
63	69029176	HelloConsoleForMinGW	MinGWでHelloWorld（ConsoleApplication版）		2016-09-23T13:50:48Z	2016-09-23T13:52:05Z	2016-09-23T13:52:06Z
62	68253183	GioDataOutputStream201609150810	Gio::DataOutputStreamでUTF8ファイル書込する		2016-09-15T00:01:53Z	2016-09-15T00:02:08Z	2016-09-15T00:02:09Z
61	68192686	GlibUstringFile201609141732	GTKでUTF-8ファイルを書き込む(FILE構造体)。		2016-09-14T09:25:18Z	2016-09-14T09:25:45Z	2016-09-14T09:25:45Z
60	68058359	GtkOnFstream201609130731	GTKでfstreamを使うと実行時エラーになってしまう。		2016-09-13T00:11:55Z	2016-09-13T00:12:17Z	2016-09-13T00:12:18Z
59	68016379	GtkEntry201609121900	Gtk::Entryを表示する。いわゆるテキストボックス。		2016-09-12T14:25:52Z	2016-09-12T14:26:10Z	2016-09-12T14:26:11Z
58	67800665	Splite201609092100	Gdk::Pixbufでスプライトアニメーション。		2016-09-09T13:20:41Z	2016-09-09T13:31:23Z	2016-09-09T13:31:24Z
57	67643920	GlibTimeOut201609080523	Glib::signal_timeout関数でアニメーションした。		2016-09-07T21:10:10Z	2016-09-07T21:15:13Z	2016-09-07T21:15:13Z
56	67559304	CairoAntialias201609070701	CairoとPangoを使って文字列にアンチエイリアスをかけて描画した。		2016-09-07T01:08:43Z	2016-09-07T01:12:33Z	2016-09-07T01:09:00Z
55	67455661	Pixbuf201609051426	Gdk::Pixbufを使って画像ファイルを描画した。		2016-09-05T22:55:23Z	2016-09-05T22:55:48Z	2016-09-05T22:55:49Z
54	67379626	PangommWrap201609050743	pangommを使って複数行の日本語を描画した。		2016-09-05T01:55:56Z	2016-09-05T02:17:43Z	2016-09-05T02:18:05Z
53	67324364	FontNameViewer201609040750	GTKで使えるフォントの一覧を表示する		2016-09-04T03:50:23Z	2016-09-04T03:50:37Z	2016-09-04T03:50:38Z
52	67270505	HelloPangomm201609030905	pangommを使って日本語を描画した。		2016-09-03T04:08:16Z	2016-09-03T04:09:49Z	2016-09-08T13:55:07Z
51	67259380	HelloCairomm201609011317	cairommを使って日本語を描画したがフォントの上下左右が反転。原因不明。		2016-09-02T22:43:57Z	2016-09-02T22:45:05Z	2016-09-02T22:45:06Z
50	67193005	HelloGtkmm201608311639	GTKmmでウインドウを表示する。		2016-09-02T05:32:08Z	2016-09-02T05:32:43Z	2016-09-02T05:32:44Z
49	67078293	GtkMouse201608311200	GTK+でマウス位置を描画した。		2016-08-31T22:33:15Z	2016-08-31T22:36:59Z	2016-08-31T22:38:21Z
48	67001821	GtkMouse201608310938	Gtk+でマウスイベントを取得する	http://ytyaru.hatenablog.com/entry/2016/08/31/131307	2016-08-31T04:00:15Z	2016-08-31T04:01:07Z	2016-08-31T04:20:59Z
47	66908188	CairoJapanese201608301154	cairoで日本語を描画した。		2016-08-30T05:02:54Z	2016-08-30T05:05:39Z	2016-08-30T05:05:40Z
46	66832327	HelloCairo201608290933	cairoを使って文字列を描画してみた。		2016-08-29T10:00:01Z	2016-08-29T10:51:32Z	2016-08-29T10:51:33Z
45	66708102	HelloGtkPlus201608252332	GTK+でウインドウを表示した。		2016-08-27T10:02:57Z	2016-08-27T10:37:39Z	2016-09-08T13:55:41Z
44	66362651	PointerAndRefelence201608161807	参照の使い方を確かめてみる		2016-08-23T11:53:52Z	2016-08-23T11:57:58Z	2016-08-23T11:57:58Z
43	65700574	Draw201608141429	描画Frameworkをつくってみた4		2016-08-15T03:08:26Z	2016-08-15T03:09:21Z	2016-08-15T03:10:03Z
42	65650274	Draw201608141253	描画Frameworkをつくってみた3		2016-08-14T04:45:20Z	2016-08-14T04:46:18Z	2016-08-14T04:47:29Z
41	65599466	Draw201608121536	描画Frameworkをつくってみた2		2016-08-13T04:37:00Z	2016-08-13T04:38:09Z	2016-08-13T04:57:26Z
40	65505662	Draw201608111739	描画Frameworkをつくってみた1		2016-08-11T22:27:48Z	2016-08-11T22:30:48Z	2016-08-11T22:31:26Z
39	65442098	Selector201608111337	C++のテンプレートを使う練習。		2016-08-11T05:48:25Z	2016-08-11T05:50:01Z	2016-08-11T05:50:37Z
38	65258472	Draw201608090710	GDI, GDI+, DirectX9, による描画コードを書いてみた3		2016-08-09T03:10:14Z	2016-08-09T03:14:07Z	2016-08-13T04:59:36Z
37	65175015	Draw201608071349	GDI, GDI+, DirectX9, による描画コードを書いてみた2		2016-08-08T05:26:55Z	2016-08-08T05:27:14Z	2016-08-13T04:59:29Z
36	65115738	Draw201608070937	GDI, GDI+, DirectX9, による描画コードを書いてみた1		2016-08-07T04:34:52Z	2016-08-07T04:35:16Z	2016-08-13T04:59:14Z
35	64803436	StyleGuide201607301718	Google C++スタイルガイドをみてWndProcのclass化を修正した		2016-08-03T01:06:15Z	2016-08-03T01:06:45Z	2016-08-13T05:00:14Z
34	64531167	ProjectSplit201607300826	ライブラリファイルを名前空間で整理した。		2016-07-30T07:02:35Z	2016-07-30T07:03:07Z	2016-07-30T07:03:08Z
33	64451781	Uuid201607281745	Uuidのマルチバイト文字セット対応。		2016-07-29T05:00:23Z	2016-07-29T05:00:38Z	2016-07-29T05:00:38Z
32	64290730	ProjectSplit201607271053	プロジェクトを.lib化せず分割する方法2		2016-07-27T08:23:34Z	2016-07-27T08:23:56Z	2016-07-27T08:23:57Z
31	64290526	ProjectSplit201607270810	プロジェクトを.lib化せず分割する方法1		2016-07-27T08:20:34Z	2016-07-27T08:21:19Z	2016-07-27T08:21:19Z
30	64220799	MultiWindowCreatorClass201607261835	複数のWindowとその機能ごとにWndProc実装を分割できるフレームワークを作った。		2016-07-26T12:49:23Z	2016-07-26T12:49:46Z	2016-07-26T12:51:50Z
29	64217750	MultiWindowCreatorClass201607261134	複数のWindowごとにWndProcを分割して実装できるラッパを作ってみた。		2016-07-26T11:58:45Z	2016-07-26T11:59:04Z	2016-07-26T12:00:40Z
28	64180430	WndProcClass201607260715	WndProc関数をC++のclassでラップした。		2016-07-26T01:41:25Z	2016-07-26T01:42:05Z	2016-07-26T01:42:51Z
27	63487084	JoyStateString201607162058	JoyStickの動作確認、構造体(JOYCAPS, JOYINFOEX)の値を表示するアプリ。		2016-07-16T14:40:02Z	2016-07-16T14:40:29Z	2016-07-20T14:14:58Z
26	63055926	ClassMemberDelete201607061734	自動変数とnew/deleteを使ったときのメモリ確保/解放の記述とタイミングの違いを確かめました。		2016-07-11T09:43:17Z	2016-07-11T09:44:14Z	2016-07-11T09:44:15Z
25	62687589	DrawMultipleMouse20160706	複数のマウスポインタを描画します。		2016-07-06T03:17:02Z	2016-07-06T03:20:19Z	2016-07-06T03:20:20Z
24	62595778	GetRawInputDeviceList20160705	接続されたデバイスを検出する。		2016-07-05T01:04:22Z	2016-07-05T01:05:27Z	2016-07-05T01:05:28Z
23	62439732	HelloRawInput20160702	Raw Input API を使ってみた。		2016-07-02T07:34:31Z	2016-07-02T07:34:53Z	2016-07-02T07:34:54Z
22	62426148	HelloMouse20160702	マウスを使ってみた。		2016-07-02T00:16:27Z	2016-07-02T00:18:42Z	2016-07-02T00:18:43Z
21	62383244	HelloDirectX20160701	DirectXを使ってみた。		2016-07-01T09:52:28Z	2016-07-01T09:52:39Z	2016-07-01T09:52:41Z
20	62369016	HelloDoubleBufferInGDI20160701	GDIでダブルバッファしてみた。		2016-07-01T06:21:45Z	2016-07-01T06:46:19Z	2016-07-01T06:23:50Z
19	62367307	HelloGDI20160701	GDIを使ってみた。		2016-07-01T05:57:56Z	2016-07-01T05:58:15Z	2016-07-01T05:58:16Z
18	62350883	DoubleBufferGraphics20160630	GDI+でダブルバッファリングした。		2016-07-01T00:37:31Z	2016-07-01T00:38:52Z	2016-07-01T00:38:53Z
17	62299543	HelloDoubleBuffer20160630	ダブルバッファでちらつきを抑えた。が、表示が遅い。		2016-06-30T09:47:35Z	2016-07-01T00:41:41Z	2016-06-30T09:48:03Z
16	62291815	HelloKeyDown20160630	WM_KEYDOWN, WM_KEYUP, メッセージを取得。Spaceキー押下で表示が変わる。		2016-06-30T08:00:36Z	2016-06-30T08:01:11Z	2016-06-30T08:01:11Z
15	62287994	HelloDrawString20160630	GDI+で文字列を描画した。		2016-06-30T07:08:45Z	2016-06-30T07:11:16Z	2016-06-30T07:13:00Z
14	62287713	HelloGdiPlus20160630	GDI+で描画した。		2016-06-30T07:05:00Z	2016-06-30T07:06:23Z	2016-08-13T05:01:14Z
13	62287590	HelloIconWin32App20160626	Windowにアイコンを設定した。		2016-06-30T07:02:49Z	2016-06-30T07:03:14Z	2016-06-30T07:03:50Z
12	62285828	HelloWin32Window20160626	Windowを表示した。		2016-06-30T06:36:18Z	2016-06-30T06:41:17Z	2016-06-30T06:43:48Z
11	62266014	HelloWin32App20160626	Win32 HelloWorld。メッセージボックスを表示する。		2016-06-30T00:11:06Z	2016-06-30T00:15:40Z	2016-06-30T00:15:41Z
10	61966612	ValueChangedEvent201606242221	学習用。WPF。色空間におけるHSVとRGBをスライダーで編集して表示するアプリ。		2016-06-26T00:03:28Z	2016-06-26T00:04:45Z	2016-06-26T00:05:36Z
9	61688774	ColorEditorWpf20160621	学習用。WPFでSliderとTextBoxをBindingした。		2016-06-22T04:26:11Z	2016-06-22T04:37:35Z	2016-06-22T04:37:35Z
8	61629528	ColorEditor20160621	学習用。HSVかRGBで色を編集して表示するアプリ。		2016-06-21T11:44:49Z	2016-06-21T11:57:48Z	2016-06-21T11:57:49Z
7	61556140	Hsv20160620	HSVとRGBの相互変換		2016-06-20T14:57:16Z	2016-06-20T14:58:44Z	2016-06-20T14:58:45Z
6	61468596	BindingSource20160619	DataBindingにてNumericUpDownとTrackBarを連動させた。		2016-06-19T07:04:01Z	2016-06-19T07:04:45Z	2016-06-19T07:04:45Z
5	61413824	ColorEditor20160616	学習用。色編集アプリ。色を表示する面積を増やした。		2016-06-18T02:50:31Z	2016-06-18T05:00:56Z	2016-06-18T04:21:45Z
4	61362495	ColorEditor20160615	学習用。色編集アプリ。ウインドウサイズ変更に伴い適切にUIが配置されるよう対処した。		2016-06-17T09:30:44Z	2016-06-17T09:31:44Z	2016-06-17T09:32:25Z
3	61331398	ColorEditor20160614	学習用。色編集アプリ。RGB色空間をTrackBarで編集して表示します。		2016-06-16T23:08:48Z	2016-06-17T06:25:15Z	2016-06-16T23:09:00Z
2	61330780	ColorEditor20160610	学習用。色編集アプリ。RGB色空間をHScrollBarで編集して表示します。		2016-06-16T22:52:47Z	2016-06-16T22:53:04Z	2016-06-16T22:53:05Z
1	61294517	ColorEditor20160609	色編集アプリ。学習用。		2016-06-16T13:13:25Z	2016-06-16T13:14:20Z	2016-06-16T13:14:20Z
